model,Accuracy,Precision,Recall,F1,IoU
Baseline,0.9903278728522876,0.854663850804276,0.7969428156368019,0.816261851627441,0.7429643168567667
