Model,Epochs,Accuracy,Precision,Recall,F1,IoU
Norkart,NaN,0.9927576446533203,0.7517015733396569,0.6769404362218008,0.6904275877461683,0.6096606866152902
Baseline2,10000,0.6902742767333985,0.09068152539615026,0.7400546304279298,0.14500837314092152,0.08878894666913513
Baseline3,100,0.9926669311523437,0.7753222705427464,0.6789031709678826,0.6965765520608213,0.611627683285012
Baseline3,500,0.9927845764160156,0.7675008953713447,0.6618998972045657,0.6890759556823174,0.6078215614040169
